{
   "Gender": {
      "Female": 0.038229783550630426,
      "Male": 0.03331855245815571
   },
   "Car Model": {
      "3 Series": -0.002555221765436897,
      "92x": 0.0063368327134906526,
      "93": 0.0031637527466499087,
      "95": -0.007791682691650824,
      "A3": 0.006392014840234467,
      "A5": 0.001417746508211059,
      "Accord": -0.009799422259312502,
      "C300": 0.018597567461473213,
      "CRV": 0.017799576832460976,
      "Camry": -0.017501667281947624,
      "Civic": -0.0051241962509386485,
      "Corolla": 0.000758839473211499,
      "E400": -0.028329232440504667,
      "Escape": 0.02386078463410389,
      "F150": -0.013396598782875779,
      "Forrestor": 0.014828691471840355,
      "Fusion": 0.002084875826976107,
      "Grand Cherokee": -0.005015313604108503,
      "Highlander": 0.011207959494312586,
      "Impreza": -0.009505152637847921,
      "Jetta": 0.002930257549029545,
      "Legacy": -0.0005076752634958888,
      "M5": -0.01168881878248222,
      "MDX": -0.015641561026909705,
      "ML350": 0.016259017560402614,
      "Malibu": -0.004115476219662169,
      "Maxima": 0.0035130573772337984,
      "Neon": 0.0026879604501256235,
      "Passat": -0.002854260495793893,
      "Pathfinder": 0.0037701063057422406,
      "RAM": 0.0064232803276612176,
      "RSX": 0.02191344910435227,
      "Silverado": 0.004984451083593164,
      "TL": 0.002133461204383491,
      "Tahoe": 0.004902915877121687,
      "Ultima": -0.0054317052830520195,
      "Wrangler": 0.007216874037252447,
      "X5": 0.002441022689201234,
      "X6": 0.025181825225741458
   },
   "Car Company": {
      "Accura": 0.00840534928182607,
      "Audi": 0.007809761348445527,
      "BMW": 0.013378807367023588,
      "Chevrolet": 0.005771890741052677,
      "Dodge": 0.009111240777786852,
      "Ford": 0.012549061678204187,
      "Honda": 0.002875958322209789,
      "Jeep": 0.002201560433143978,
      "Mercedes": 0.00652735258137122,
      "Nissan": 0.001851458399924055,
      "Saab": 0.0017089027684896944,
      "Suburu": 0.0048158635704965615,
      "Toyota": -0.00553486831442356,
      "Volkswagen": 7.599705323564321e-05
   },
   "Occupation": {
      "Administrative and Clerical": -0.011275734141634363,
      "Armed Forces": 0.0056655388188937145,
      "Artisans and Professional Specialties": 0.007808441332545262,
      "Management Roles or Transportation": 0.014026990576247293,
      "Sales or Other Services": -0.005146235115151106,
      "Handlers and Cleaners": 0.02670542957443353,
      "Machine Operations and Inspection": 0.009693105090485403,
      "Protective and Technical Support": 0.003266993243959636
   },
   "Education": {
      "Associate": 0.0012101493357719556,
      "College": 0.008315585621959698,
      "High School": 0.007252745439660681,
      "JD": 0.00707290368359593,
      "MD": 0.01923338794083261,
      "Masters": 0.012674776820427417,
      "PhD": 0.015788787166537914
   },
   "State": {
      "Illinois": 0.022328865611467956,
      "Indiana": 0.02481985096981051,
      "Ohio": 0.024399619427507742
   }
}